{
    "loss": 0.3438108265399933,
    "accuracy": 0.8916666507720947
}