{
    "loss": 0.5467559695243835,
    "accuracy": 0.8464285731315613
}